ACL policy,Declarative HCL/JSON policy שמגדירה capabilities מותרות או אסורות על Vault paths.,מנגנון ה-authorization המרכזי ב-Vault.,"04 - Policies, authorization ו-governance",Vault,https://developer.hashicorp.com/vault/docs/concepts/policies
ACME,Automated Certificate Management Environment protocol לאוטומציה של certificate issuance ו-renewal.,מייצר סטנדרט לאוטומציה של certificate lifecycle.,07 - PKI ו-certificate lifecycle,כללי / Vault PKI,https://developer.hashicorp.com/vault/docs/secrets/pki-external-ca
Active node,ה-Vault node שמטפל כרגע ב-writes ובתפקידי leadership של שירות ה-HA.,מתאם requests שדורשים active leadership.,02 - ארכיטקטורת Vault וקריפטוגרפיה,Vault,https://developer.hashicorp.com/vault/docs/internals/high-availability
Allowed parameters,Policy constraint שמגביל אילו request parameters/values מותרים.,מוסיף authorization granular מעבר ל-path ול-capability.,"04 - Policies, authorization ו-governance",Vault,https://developer.hashicorp.com/vault/docs/concepts/policies
API address (api_addr),הכתובת המפורסמת שבה clients או components אחרים משתמשים כדי להגיע ל-Vault node/API.,תומכת ב-redirects וב-client connectivity נכונה בפריסות HA.,02 - ארכיטקטורת Vault וקריפטוגרפיה,Vault,https://developer.hashicorp.com/vault/docs/internals/high-availability
AppRole,Auth method למכונות המשתמש ב-RoleID וב-SecretID או constraints קשורים.,תומך ב-applications שאינן יכולות להשתמש ב-platform-native identity integration חזקה יותר.,03 - Authentication וזהות,Vault,https://developer.hashicorp.com/vault/docs/auth/approle/approle-pattern
Audit device,Destination/backend מוגדר שאליו Vault כותב detailed API request/response audit records.,"מספק accountability, forensics ו-compliance evidence.","09 - Audit, monitoring ו-observability",Vault,https://developer.hashicorp.com/vault/docs/audit
Audit hash,Hash שנוצר עבור value ידוע באמצעות HMAC key של audit device.,מאפשר לחוקרים לחפש sensitive value ב-audit logs בלי לרשום אותו כ-plaintext.,"09 - Audit, monitoring ו-observability",Vault,https://developer.hashicorp.com/vault/docs/audit
Audit HMAC,Vault מבצע hash לרוב sensitive string values ב-audit logs באמצעות keyed HMAC-SHA256 כברירת מחדל.,שומר audit correlation תוך צמצום plaintext secret exposure.,"09 - Audit, monitoring ו-observability",Vault,https://developer.hashicorp.com/vault/docs/audit
Audit request ID,Identifier שמופיע ב-request/response audit records קשורים.,מקשר בין שני הצדדים של API operation אחת.,"09 - Audit, monitoring ו-observability",Vault,https://developer.hashicorp.com/vault/docs/audit/schema
Auth method,Vault plugin שמבצע authentication למשתמש או workload ובדרך כלל מחזיר Vault token עם policies שמופו אליו.,מחבר external או native identity evidence ל-Vault authorization.,03 - Authentication וזהות,Vault,https://developer.hashicorp.com/vault/docs/auth
Authentication (AuthN),התהליך שבו client מוכיח מי הוא או מה הוא.,קובע האם client רשאי לקבל Vault token.,01 - יסודות secrets ואבטחה,כללי,https://developer.hashicorp.com/vault/docs/auth/approle/approle-pattern
Authorization (AuthZ),התהליך שקובע אילו פעולות identity שעברה authentication רשאית לבצע.,אוכף least privilege לאחר authentication.,01 - יסודות secrets ואבטחה,כללי,https://developer.hashicorp.com/vault/docs/auth/approle/approle-pattern
Auto Unseal,Configuration שבו Vault מעביר את ההגנה/פענוח של חומר ה-seal key ל-KMS או HSM מהימן.,מצמצם את הנטל התפעולי של manual unseal לאחר restart של nodes.,02 - ארכיטקטורת Vault וקריפטוגרפיה,Vault / Enterprise depending on seal,https://developer.hashicorp.com/vault/docs/concepts/seal
Auto-Auth,יכולת של Vault Agent שמבצעת authentication אוטומטי באמצעות auth method מוגדר ומנהלת token renewal.,מסירה מה-application את האחריות ל-Vault login ול-token refresh.,"10 - Kubernetes, agents ו-automation",Vault Agent,https://developer.hashicorp.com/vault/docs/agent-and-proxy/agent
Automated snapshots,Enterprise feature ליצירה ולניהול מתוזמנים של Integrated Storage snapshots.,מצמצמת manual backup operations.,11 - Enterprise features ו-platform operations,Vault Enterprise,https://developer.hashicorp.com/vault/docs/license
Autopilot,יכולת של Vault Integrated Storage שמנטרת Raft server health ומסייעת לנהל cluster membership behavior.,משפרת operational safety ו-observability של Raft clusters.,"08 - Storage, HA, replication ו-disaster recovery",Vault,https://developer.hashicorp.com/vault/docs/concepts/integrated-storage/autopilot
Barrier,גבול ההצפנה של Vault: רוב המידע מוצפן לפני שהוא נכתב ל-storage backend.,מונע מה-storage backend לראות plaintext data של Vault.,02 - ארכיטקטורת Vault וקריפטוגרפיה,Vault,https://developer.hashicorp.com/vault/docs/glossary
Barrier encryption,תהליך ההצפנה שמגן על נתוני Vault במנוחה לפני persistence.,שומר על confidentiality גם כאשר לא נותנים אמון ב-storage backend.,02 - ארכיטקטורת Vault וקריפטוגרפיה,Vault,https://developer.hashicorp.com/vault/docs/glossary
Batch token,Lightweight token type שנועד ל-high-scale ephemeral workloads; אינו נשמר כמו service token ויש לו פחות features.,מפחית storage overhead עבור מספר גדול של clients קצרי-חיים.,"05 - Tokens, leases ו-lifecycle",Vault,https://developer.hashicorp.com/vault/docs/concepts/tokens
Blast radius,"היקף systems/data שיושפע אם credential, token, key או Vault component ייפרץ.","מכוון segmentation, TTL, policies ו-tenant design.",11 - Enterprise features ו-platform operations,כללי / architecture,https://developer.hashicorp.com/vault/docs/about-vault/what-is-vault
Break-glass access,הליך emergency privileged access כאשר administration רגילה אינה זמינה.,שומר recoverability בזמן incidents חמורים.,11 - Enterprise features ו-platform operations,כללי / Vault operations,https://developer.hashicorp.com/vault/docs/concepts/tokens
Built-in plugin,Plugin שמגיע יחד עם Vault binary.,מספק functionality נפוצה ונתמכת ללא ניהול external process.,06 - Secrets engines והגנת מידע,Vault,https://developer.hashicorp.com/vault/docs/glossary
Capability,"Operation שמותרת ב-ACL policy, כגון create, read, update, patch, delete, list, recover או sudo.",מגדירה במדויק מה token רשאי לעשות על path.,"04 - Policies, authorization ו-governance",Vault,https://developer.hashicorp.com/vault/docs/concepts/policies
Capacity planning,"Sizing של Vault CPU, memory, storage IOPS, node count, network, lease volume ו-request rate לפי workloads צפויים.",מבטיח reliability כאשר adoption גדל.,11 - Enterprise features ו-platform operations,Vault operations,https://developer.hashicorp.com/vault/docs/internals/limits
Cascading revocation,Revocation של parent token שמבטלת גם את child token tree ואת ה-leases המשויכים.,מספקת cleanup רחב ל-delegated credentials.,"05 - Tokens, leases ו-lifecycle",Vault,https://developer.hashicorp.com/vault/docs/concepts/tokens
Certificate Authority (CA),גורם שמבצע signing ומנפיק digital certificates.,מקים trust עבור identities שמיוצגות על-ידי certificates.,01 - יסודות secrets ואבטחה,כללי,https://developer.hashicorp.com/vault/docs/secrets/pki
Certificate chain,סדרה מסודרת של certificates שמחברת leaf certificate ל-trusted roots אחד או יותר.,מאפשרת ל-relying parties לאמת trust.,07 - PKI ו-certificate lifecycle,כללי / Vault PKI,https://developer.hashicorp.com/vault/docs/secrets/pki
Certificate renewal,קבלת replacement certificate לפני שה-current certificate פג.,שומר trust רציף תוך שימוש ב-TTLs קצרים.,07 - PKI ו-certificate lifecycle,כללי / Vault PKI,https://developer.hashicorp.com/vault/docs/secrets/pki
Certificate revocation,סימון certificate שהונפק כלא תקף לפני expiry.,מכיל compromised או misissued certificates.,07 - PKI ו-certificate lifecycle,כללי / Vault PKI,https://developer.hashicorp.com/vault/docs/secrets/pki
Certificate TTL,Validity period מהנפקת certificate ועד expiration.,מגביל כמה זמן certificate/private key pair נשאר שמיש.,07 - PKI ו-certificate lifecycle,Vault PKI,https://developer.hashicorp.com/vault/docs/secrets/pki
Child namespace,Namespace שנוצר תחת namespace אחר.,מאפשר delegated isolation ו-administration.,"04 - Policies, authorization ו-governance",Vault Enterprise,https://developer.hashicorp.com/vault/docs/enterprise/namespaces/namespace-structure
Child token,Token שנוצר על-ידי token אחר ובדרך כלל מבוטל כאשר ה-parent שלו מבוטל.,תומך ב-delegated access עם lifetime מוגבל.,"05 - Tokens, leases ו-lifecycle",Vault,https://developer.hashicorp.com/vault/docs/concepts/tokens
CI/CD secret retrieval,Pattern שבו pipelines מבצעים authentication ל-Vault ומקבלים short-lived credentials בזמן ריצת job.,מסיר persistent pipeline secrets ומצמצם access ל-run מסוים.,"10 - Kubernetes, agents ו-automation",כללי / Vault,https://developer.hashicorp.com/vault/docs/auth
Client count,Commercial/usage concept שמודד distinct Vault clients/entities לפי מודל ה-licensing של Vault.,משפיע על licensing ומספק visibility לאימוץ.,"09 - Audit, monitoring ו-observability",Vault Enterprise / IBM commercial,https://developer.hashicorp.com/vault/docs/internals/recommended-patterns
Client token / Vault token,Opaque token שמוצג ב-requests לאחר authentication מוצלחת.,נושא identity/policy context ומאשר subsequent API operations.,"05 - Tokens, leases ו-lifecycle",Vault,https://developer.hashicorp.com/vault/docs/concepts/tokens
Cloud IAM auth,Vault authentication שמבוסס על workload identity של cloud provider או על signed identity proof.,מונע צורך להפיץ static credentials ל-cloud workloads.,03 - Authentication וזהות,Vault,https://developer.hashicorp.com/vault/docs/auth
Cloud secrets engine,"Secrets engine שמנפיק temporary credentials לפלטפורמת cloud כגון AWS/Azure/GCP, בהתאם ל-plugin הנתמך.",מחליף static cloud API keys ב-short-lived credentials.,06 - Secrets engines והגנת מידע,Vault,https://developer.hashicorp.com/vault/docs/secrets
Cluster,"קבוצה של Vault server nodes שפועלים יחד, משתפים storage ומתנהגים כשירות Vault לוגי אחד.","מספק availability, scale ומצב מתואם.",02 - ארכיטקטורת Vault וקריפטוגרפיה,Vault,https://developer.hashicorp.com/vault/docs/internals/high-availability
Cluster address (cluster_addr),הכתובת שמשמשת לתקשורת node-to-node בתוך Vault cluster.,תומכת ב-request forwarding וב-cluster coordination פנימי.,02 - ארכיטקטורת Vault וקריפטוגרפיה,Vault,https://developer.hashicorp.com/vault/docs/internals/high-availability
Common Name (CN),X.509 subject field ששימש היסטורית ל-host/user naming.,"מייצג certificate subject name, אף שב-TLS מודרני identity נשענת במידה רבה על SAN.",07 - PKI ו-certificate lifecycle,כללי / Vault PKI,https://developer.hashicorp.com/vault/docs/secrets/pki
Control Group,Enterprise authorization workflow שמחזיק request עד שכל approvals/authorizations הנדרשים הושלמו.,מיישם multi-person approval לגישה רגישה.,"04 - Policies, authorization ו-governance",Vault Enterprise,https://developer.hashicorp.com/vault/docs/license
Convergent encryption,מצב Transit דטרמיניסטי שבו אותו plaintext ואותו context יכולים להפיק אותו ciphertext.,תומך במקרי שימוש שדורשים deterministic encryption או search patterns.,06 - Secrets engines והגנת מידע,Vault,https://developer.hashicorp.com/vault/docs/secrets/transit
create capability,Capability שמאפשרת יצירה ב-endpoints שמבדילים בין create לבין update.,שולטת בפעולות creation.,"04 - Policies, authorization ו-governance",Vault,https://developer.hashicorp.com/vault/docs/concepts/policies
Credential,"מידע המשמש להוכחת זהות למערכת, כגון password, token, certificate או key pair.","מאפשר authentication ליישומים, databases, עננים, APIs ותשתיות.",01 - יסודות secrets ואבטחה,כללי,https://developer.hashicorp.com/vault/docs/about-vault/what-is-vault
Credential revocation,ביטול credential לפני מועד התפוגה הרגיל שלו.,מאפשר containment מיידי באירוע אבטחה וניקוי שגרתי כחלק ממחזור החיים.,01 - יסודות secrets ואבטחה,כללי,https://developer.hashicorp.com/vault/docs/concepts/tokens
Credential rotation,החלפת credential או cryptographic key קיים בחדש.,מגבילה את פרק הזמן שבו credential שנחשף עדיין שימושי.,01 - יסודות secrets ואבטחה,כללי,https://developer.hashicorp.com/vault/docs/about-vault/what-is-vault
CRL (Certificate Revocation List),Signed list של revoked certificate serial numbers שמפורסמת על-ידי CA.,מאפשרת ל-relying parties לדחות certificates לפני expiration טבעי.,07 - PKI ו-certificate lifecycle,כללי / Vault PKI,https://developer.hashicorp.com/vault/docs/secrets/pki
CSR (Certificate Signing Request),Request שמכיל public key ו-certificate identity attributes מבוקשים כדי ש-CA יחתום עליהם.,מאפשר ל-requester לשמור את ה-private key אצלו בזמן קבלת certificate.,07 - PKI ו-certificate lifecycle,כללי / Vault PKI,https://developer.hashicorp.com/vault/docs/secrets/pki
Cubbyhole,אזור secrets פרטי לכל service token שנגיש רק לאותו token.,מספק temporary token-scoped storage ומשמש בסיס ל-response wrapping.,"05 - Tokens, leases ו-lifecycle",Vault,https://developer.hashicorp.com/vault/docs/concepts/tokens
Database connection,Vault configuration שמתארת כיצד database secrets engine מתחבר ל-target database.,"מספקת את ה-privileged control channel ליצירה, rotation ו-revocation של credentials.",06 - Secrets engines והגנת מידע,Vault,https://developer.hashicorp.com/vault/docs/secrets/databases
Database role,"Configuration שמגדירה SQL/commands, permissions ו-TTL behavior עבור credentials שמונפקים למחלקת clients.",מתרגמת application access requirements ל-generated DB accounts.,06 - Secrets engines והגנת מידע,Vault,https://developer.hashicorp.com/vault/docs/secrets/databases
Database secrets engine,"Engine שיכול ליצור dynamic database credentials או לנהל static database roles, בהתאם ל-database/plugin הנתמך.",מחליף shared DB passwords ב-credentials מבוקרים וקצרי-חיים.,06 - Secrets engines והגנת מידע,Vault,https://developer.hashicorp.com/vault/docs/secrets/databases
Default policy,Policy מובנית שמצורפת בדרך כלל ל-tokens אלא אם הוחרגה במפורש.,מספקת baseline token capabilities.,"04 - Policies, authorization ו-governance",Vault,https://developer.hashicorp.com/vault/docs/concepts/policies
delete capability,Capability שמאפשרת deletion ב-path.,שולטת בפעולות הרסניות.,"04 - Policies, authorization ו-governance",Vault,https://developer.hashicorp.com/vault/docs/concepts/policies
Denied parameters,Policy constraint שאוסר request parameters/values מסוימים.,חוסם request forms לא בטוחים או אסורים.,"04 - Policies, authorization ו-governance",Vault,https://developer.hashicorp.com/vault/docs/concepts/policies
deny capability,Capability שמבצעת explicit deny וגוברת במקרים הרלוונטיים.,מספקת authorization guardrail קשיח.,"04 - Policies, authorization ו-governance",Vault,https://developer.hashicorp.com/vault/docs/concepts/policies
Derived key,מצב Transit שבו operation-specific keys נגזרים מ-base key בתוספת context.,מספק cryptographic separation ללא stored key נפרד לכל context.,06 - Secrets engines והגנת מידע,Vault,https://developer.hashicorp.com/vault/docs/secrets/transit
Destroy (KV v2),פעולת KV v2 שמסירה לצמיתות data של secret versions נבחרים.,מאפשרת irreversible data removal.,06 - Secrets engines והגנת מידע,Vault / KV v2,https://developer.hashicorp.com/vault/docs/secrets/kv
Dev server mode,"Convenience mode שמפעיל in-memory Vault, מבצע automatic unseal ויוצר root token לצורכי ניסוי.",מאיץ local testing ולמידה.,11 - Enterprise features ו-platform operations,Vault,https://developer.hashicorp.com/vault/docs/concepts/dev-server
Disaster Recovery (DR) Replication,Vault Enterprise replication mode שמיועד ל-standby cluster שניתן לקדם לאחר אובדן ה-primary.,מספק business-continuity recovery של Vault service/state.,"08 - Storage, HA, replication ו-disaster recovery",Vault Enterprise,https://developer.hashicorp.com/vault/docs/enterprise/replication
DR operation token,Special token לפעולות administrative מאושרות על DR secondary.,מאפשר DR management מבוקר כאשר normal tokens אינם זמינים שם.,"08 - Storage, HA, replication ו-disaster recovery",Vault Enterprise,https://developer.hashicorp.com/vault/docs/enterprise/replication
DR primary,Active source cluster עבור disaster-recovery replication.,משכפל state ל-DR secondaries אחד או יותר.,"08 - Storage, HA, replication ו-disaster recovery",Vault Enterprise,https://developer.hashicorp.com/vault/docs/enterprise/replication
DR secondary,שרת או cluster המשמש כ-Replication target חם לגיבוי והמשכיות עסקית (Disaster Recovery). כל גישת ה-API של קליינטים רגילים חסומה לחלוטין (מחזיר שגיאת 503 Active Standby) עד אשר ה-cluster מקודם (promoted) לשרת ראשי.,"שמירה על עותק מדויק ומעודכן בזמן אמת של כל בסיס הנתונים (כולל tokens ו-leases), ללא יכולת שירות פעיל ללקוחות לצורך שמירת עקביות ומניעת קונפליקטים.","08 - Storage, HA, replication ו-disaster recovery",Vault Enterprise,https://developer.hashicorp.com/vault/docs/enterprise/replication
Dynamic database credentials,Database username/password שנוצרים לכל request ומבוטלים לאחר expiry של ה-lease.,מצמצמים shared ו-long-lived database secrets.,06 - Secrets engines והגנת מידע,Vault,https://developer.hashicorp.com/vault/docs/secrets/databases
Dynamic secret,"Credential שנוצר לפי דרישה על-ידי secrets engine, בדרך כלל עם lease ו-lifetime מוגבל.",מצמצם שימוש חוזר ב-credentials ואת blast radius באמצעות credentials קצרי-חיים וייחודיים לכל client.,01 - יסודות secrets ואבטחה,כללי,https://developer.hashicorp.com/vault/docs/secrets
EGP (Endpoint Governing Policy),סוג Sentinel policy שמוצמד ל-API paths מוגדרים.,אוכף organization-wide rules על sensitive operations.,"04 - Policies, authorization ו-governance",Vault Enterprise,https://developer.hashicorp.com/vault/docs/enterprise/sentinel
Encryption at rest,הצפנה שמגינה על מידע מאוחסן כשהוא נמצא על disk או persistent medium אחר.,מצמצמת חשיפה אם יש גישה ישירה ל-storage media או ל-backend data.,01 - יסודות secrets ואבטחה,כללי,https://developer.hashicorp.com/vault/docs/about-vault/how-vault-works
Encryption context,Input נוסף שמשמש ל-key derivation או cryptographic operations עם scope ב-Transit.,מאפשר logical separation כאשר משתמשים במודל derived key.,06 - Secrets engines והגנת מידע,Vault,https://developer.hashicorp.com/vault/docs/secrets/transit
Encryption in transit,"הצפנה שמגינה על התעבורה בין clients, ‏Vault nodes ומערכות משולבות.",מונעת interception או manipulation של מידע ברשת.,01 - יסודות secrets ואבטחה,כללי,https://developer.hashicorp.com/vault/docs/concepts/production-hardening
Entity,Vault Identity object שמייצג client/user קנוני אחד שיכול לבצע authentication דרך כמה methods.,"מספק identity יציבה עבור policy, audit ו-client counting.",03 - Authentication וזהות,Vault,https://developer.hashicorp.com/vault/docs/secrets/identity
Entity alias,Mapping בין identity חיצונית/של auth method לבין Vault entity קנונית.,מאפשר לכמה login identities להיפתר לאותה Vault identity.,03 - Authentication וזהות,Vault,https://developer.hashicorp.com/vault/docs/secrets/identity
Entity ID / canonical ID,מזהה ייחודי של Vault identity entity.,מספק reference יציב גם אם names או aliases משתנים.,03 - Authentication וזהות,Vault,https://developer.hashicorp.com/vault/docs/concepts/policies
Entropy augmentation,Enterprise capability לשילוב entropy ממקור חיצוני/HSM ב-random generation של Vault.,תומכת בדרישות נוספות ל-assurance של randomness.,11 - Enterprise features ו-platform operations,Vault Enterprise,https://developer.hashicorp.com/vault/docs/license
Envelope encryption,"דפוס שבו המידע מוצפן באמצעות data key, וה-data key עצמו מוגן באמצעות key אחר.",מאפשר הצפנה בקנה מידה גדול תוך שמירה על שליטה מרכזית בפעולות key.,01 - יסודות secrets ואבטחה,כללי / Vault,https://developer.hashicorp.com/vault/docs/secrets/transit
Explicit max TTL,Hard per-token maximum lifetime שלא ניתן לעבור גם עם periodic behavior.,מספק expiry boundary שאינו ניתן לעקיפה.,"05 - Tokens, leases ו-lifecycle",Vault,https://developer.hashicorp.com/vault/docs/concepts/tokens
External Account Binding (EAB),מנגנון ACME שקושר new ACME account ל-external account/key שהוגדר מראש.,מוסיף controlled enrollment עבור ACME clients.,07 - PKI ו-certificate lifecycle,כללי / Vault PKI external CA,https://developer.hashicorp.com/vault/docs/secrets/pki-external-ca
External group,Vault group שממופה ל-group במערכת identity חיצונית באמצעות group alias.,מאפשר ל-external IAM/LDAP/group membership להכתיב Vault access.,03 - Authentication וזהות,Vault,https://developer.hashicorp.com/vault/docs/concepts/identity
External multiplexed plugin,מודל external plugin שבו process אחד יכול לשרת כמה mounts מאותו plugin type.,מפחית process overhead כאשר קיימים mounts רבים.,06 - Secrets engines והגנת מידע,Vault,https://developer.hashicorp.com/vault/docs/glossary
External plugin,Standalone plugin process שאינו מגיע כחלק מ-Vault core ומנוהל בנפרד.,מרחיב את Vault ב-auth או secrets capabilities נוספות.,06 - Secrets engines והגנת מידע,Vault,https://developer.hashicorp.com/vault/docs/glossary
File audit device,Audit device שכותב JSON audit entries לקובץ.,מספק local audit capture פשוט להעברה ל-SIEM/log platform.,"09 - Audit, monitoring ו-observability",Vault,https://developer.hashicorp.com/vault/docs/audit
FIPS mode/build,"Vault capability/build options לסביבות שדורשות FIPS-validated cryptographic modules, בהתאם ל-product/version/platform.",תומך בדרישות compliance הנוגעות לשימוש ב-cryptographic modules.,11 - Enterprise features ו-platform operations,Vault Enterprise / compliance,https://developer.hashicorp.com/vault/docs/license
Force revoke,Administrative revocation שמסירה את lease tracking של Vault גם אם פעולת ה-revocation במערכת המרוחקת נכשלת.,מאפשרת לשקם את state של Vault כאשר backend תקול או לא נגיש.,"05 - Tokens, leases ו-lifecycle",Vault,https://developer.hashicorp.com/vault/docs/concepts/tokens
Generate root,הליך מבוקר שיוצר root token חדש באמצעות quorum של מחזיקי unseal/recovery keys.,מספק break-glass administrative access בעת הצורך.,02 - ארכיטקטורת Vault וקריפטוגרפיה,Vault,https://developer.hashicorp.com/vault/docs/concepts/tokens
Group,Vault Identity collection של entities ו/או nested groups שניתן להצמיד אליה policies.,תומך ב-authorization מבוסס roles/groups בקנה מידה גדול.,03 - Authentication וזהות,Vault,https://developer.hashicorp.com/vault/docs/concepts/identity
Group alias,Mapping בין external group name/identifier לבין Vault external group.,מחבר membership של IdP או directory ל-Vault authorization.,03 - Authentication וזהות,Vault,https://developer.hashicorp.com/vault/docs/concepts/identity
HA lock,מנגנון coordination lock שקובע איזה node הוא active.,מונע מצב שבו כמה active Vault nodes שולטים במקביל באותו cluster state.,02 - ארכיטקטורת Vault וקריפטוגרפיה,Vault,https://developer.hashicorp.com/vault/docs/internals/high-availability
Hardware Security Module (HSM),"חומרה או גבול שירות עמידים בפני tampering ליצירה, אחסון ושימוש ב-cryptographic keys.",יכול לספק auto-unseal/seal protection ומשמורת מפתחות חזקה יותר.,01 - יסודות secrets ואבטחה,כללי / Enterprise,https://developer.hashicorp.com/vault/docs/concepts/seal
"HashiCorp, an IBM Company",Branding שמתאר את HashiCorp לאחר ש-IBM השלימה את הרכישה בפברואר 2025.,מסביר מדוע HashiCorp Developer documentation ו-IBM product/support pages קיימים במקביל.,12 - מונחים ייחודיים ל-IBM Vault,IBM current,https://newsroom.ibm.com/2025-02-27-ibm-completes-acquisition-of-hashicorp%2C-creates-comprehensive%2C-end-to-end-hybrid-cloud-platform
HCP Vault Dedicated,השם ב-HashiCorp Developer documentation עבור dedicated managed Vault service; ב-IBM commercial pages נעשה שימוש גם בשם IBM Vault Dedicated.,Managed Vault Enterprise service עם dedicated clusters.,12 - מונחים ייחודיים ל-IBM Vault,IBM / HashiCorp managed service,https://developer.hashicorp.com/hcp/docs/vault/what-is-hcp-vault
HCP Vault Radar / Vault Radar,HashiCorp/IBM service לגילוי exposed או unmanaged secrets בקוד וב-environments.,משלים את Vault באמצעות זיהוי secret sprawl שצריך remediation או מעבר ל-managed workflows.,12 - מונחים ייחודיים ל-IBM Vault,IBM / HashiCorp portfolio,https://www.ibm.com/products/hashicorp
HCP Vault Secrets,"שירות SaaS פשוט ומהיר לניהול סודות של HashiCorp (עדיין פעיל וזמין, בניגוד לטענות שגויות על סיום פעילותו ב-2026).",מתן פתרון ניהול סודות קל וזול למפתחים וצוותים קטנים שאינם זקוקים למלוא יכולות ה-Enterprise של Vault.,12 - מונחים ייחודיים ל-IBM Vault,Legacy / EOL,https://www.ibm.com/support/pages/hcp-vault-secrets-end-life
Health endpoint,"Vault API endpoint שמדווח initialization, seal, standby ו-availability status.",מאפשר ל-load balancers ול-monitoring systems לקבוע node state.,"09 - Audit, monitoring ו-observability",Vault,https://developer.hashicorp.com/vault/docs/internals/high-availability
High Availability (HA),מצב הפעלה שבו כמה nodes מתואמים כך שכשל של active node מאפשר failover ל-node אחר.,מצמצם הפרעה לשירות עקב כשל node.,02 - ארכיטקטורת Vault וקריפטוגרפיה,Vault,https://developer.hashicorp.com/vault/docs/internals/high-availability
Human identity,אדם שמיוצג באמצעות enterprise identity provider או Vault auth method.,"תומך בגישה של administrators, developers, auditors ו-operators.",01 - יסודות secrets ואבטחה,כללי,https://developer.hashicorp.com/vault/docs/auth
IBM API Connect – Vault integration,"IBM API Connect integration לשמירה, retrieval או synchronization של secrets עם HashiCorp/IBM Vault.",מרכזת sensitive values שקשורים ל-API gateway.,12 - מונחים ייחודיים ל-IBM Vault,IBM integration,https://www.ibm.com/docs/en/api-connect/cloud/12.1.1_saas?topic=gateway-using-hashicorp-vault-as-secrets-manager
IBM Cloud Continuous Delivery – HashiCorp Vault integration,IBM Cloud toolchain integration שמאפשרת ל-pipelines/tools לגשת ל-secrets שנשמרים ב-HashiCorp/IBM Vault server.,מחברת DevOps toolchains ל-centrally managed secrets.,12 - מונחים ייחודיים ל-IBM Vault,IBM Cloud integration,https://cloud.ibm.com/docs/ContinuousDelivery?topic=ContinuousDelivery-hashicorpvault
IBM Cloud Secrets Manager,IBM Cloud managed secrets service שהתיעוד שלו מציין שהוא built on HashiCorp Vault.,מספק IBM Cloud-native managed secrets experience נפרד מהפעלה של IBM Vault Self-Managed.,12 - מונחים ייחודיים ל-IBM Vault,IBM Cloud integration,https://cloud.ibm.com/docs/secrets-manager?topic=secrets-manager-getting-started
IBM HSM / Hyper Protect auto-unseal pattern,IBM deployment pattern שמשתמש ב-IBM HSM/confidential-computing capabilities להגנה על Vault auto-unseal key operations.,מחזק seal key custody ומסיר תלות ב-manual unseal.,12 - מונחים ייחודיים ל-IBM Vault,IBM infrastructure integration,https://developer.ibm.com/tutorials/awb-deploy-vault-securely-confidential-environment/
IBM Passport Advantage Online (PAO),"פורטל הרישוי והרכש הרשמי של IBM, המשמש לקבלת ה-entitlements והקבצים המסחריים עבור פריסות של HashiCorp Vault Enterprise בארגונים.",ניהול מרכזי של זכויות השימוש ברישיונות Vault Enterprise תחת המודל המסחרי של IBM (שאינו דורש אימות מול שרת קצה).,12 - מונחים ייחודיים ל-IBM Vault,IBM licensing,https://developer.hashicorp.com/vault/docs/configuration/license-entitlement
IBM QRadar SOAR – Vault integration,IBM QRadar SOAR capability להפניה ל-credentials שנשמרים ב-Vault; התיעוד הנוכחי מציין תמיכה ב-KV secret engine עבור integration זו.,מסירה hardcoded SOAR app credentials ומרכזת secret storage.,12 - מונחים ייחודיים ל-IBM Vault,IBM Security integration,https://www.ibm.com/docs/en/security-qradar/security-qradar-soar/saas?topic=managers-hashicorp-vault
IBM Vault,"מונח שיווקי ומסחרי המתייחס לעיתים לפורטפוליו של HashiCorp Vault הנמכר דרך IBM, אך המוצר הרשמי נותר 'HashiCorp Vault' (או 'IBM HashiCorp Vault'). יש להימנע מלבלבל בינו לבין 'IBM Security Verify Privilege Vault' שהוא מוצר נפרד לחלוטין המבוסס על Delinea.","מניעת בלבול ארכיטקטוני ומסחרי בין מוצר ה-Identity & secrets management של HashiCorp לבין פתרון ה-PAM של Delinea הנמכר גם הוא ע""י IBM.",12 - מונחים ייחודיים ל-IBM Vault,IBM current,https://www.ibm.com/products/hashicorp
IBM Vault Dedicated,"גרסה מנוהלת בענן (SaaS / Managed Service) של HashiCorp Vault Enterprise המשווקת על-ידי IBM, ומקבילה לפתרון HCP Vault Dedicated של HashiCorp.",צריכת שירותי Vault Enterprise ללא הנטל התפעולי של ניהול ואבטחת השרתים וה-clusters באופן עצמאי.,12 - מונחים ייחודיים ל-IBM Vault,IBM current,https://www.ibm.com/products/hashicorp/pricing
IBM Vault Self-Managed,גרסת self-managed של HashiCorp Vault Enterprise המופצת ונתמכת על-ידי IBM תחת הסכמי הרכישה והרישוי של IBM.,מתן מענה לארגונים המעוניינים להריץ את פלטפורמת ה-Enterprise של Vault בסביבה בשליטתם עם תמיכה מסחרית של IBM.,12 - מונחים ייחודיים ל-IBM Vault,IBM current,https://www.ibm.com/support/pages/ibm-hashicorp-self-managed-product-support-lifecycle-addendum
IBM Vault Self-Managed for Z and LinuxONE,התקנה של HashiCorp Vault Enterprise בסביבות חומרת IBM Z ו-LinuxONE (ארכיטקטורת s390x) עם תמיכה של IBM.,הרחבת ניהול הסודות וההצפנה של Vault אל mainframe hybrid estates בצורה מאובטחת ומותאמת ארכיטקטונית.,12 - מונחים ייחודיים ל-IBM Vault,IBM Z / LinuxONE,https://www.ibm.com/new/announcements/ibm-vault-self-managed-for-z-and-linuxone-and-ibm-nomad-self-managed-for-z-and-linuxone-generally-available
IBM Verify + Vault OIDC,Integration pattern שבו IBM Verify משמש OpenID Connect identity provider עבור Vault human authentication.,מספק enterprise SSO מרכזי ו-group-based access ל-Vault.,12 - מונחים ייחודיים ל-IBM Vault,IBM Security integration,https://community.ibm.com/community/user/blogs/suraj-kanth/2025/06/12/secure-access-to-ibm-vault-using-ibm-verify
IBM Verify + Vault SAML,Integration pattern שבו IBM Verify משמש SAML identity provider עבור Vault Enterprise authentication.,תומך ב-enterprise SSO כאשר SAML הוא המנגנון המועדף.,12 - מונחים ייחודיים ל-IBM Vault,IBM Security integration,https://community.ibm.com/community/user/blogs/suraj-kanth/2025/06/26/securing-access-to-ibm-vault-using-saml
Identity deduplication,"תהליכים ויכולות לזיהוי ולפתרון entities, aliases או groups כפולים.",מונע identity mapping עמום והתנהגות authorization בלתי צפויה.,03 - Authentication וזהות,Vault operations,https://developer.hashicorp.com/vault/docs/secrets/identity
Identity metadata,"מידע key/value שמצורף ל-entities, aliases או groups.",יכול להעשיר audit context ולהשפיע על templated policy decisions.,03 - Authentication וזהות,Vault,https://developer.hashicorp.com/vault/docs/concepts/policies
Identity token,Signed token שמונפק על-ידי Vault ומכיל OIDC-style claims שנגזרים מ-entity ומ-role template.,מספק portable proof של Vault identity למערכות אחרות.,03 - Authentication וזהות,Vault,https://developer.hashicorp.com/vault/docs/secrets/identity
Init container pattern,Pattern שבו helper מבצע retrieval/render של secrets לפני שה-main container מתחיל.,שימושי עבור startup-only secret injection.,"10 - Kubernetes, agents ו-automation",Kubernetes / Vault Agent,https://developer.hashicorp.com/vault/docs/agent-and-proxy/agent
Instant updates,"יכולת עדכון מהירה של ה-Vault Secrets Operator (VSO) אשר מסתמכת על צמצום ה-reconciliation interval (זמן הבדיקה המחזורית) או שימוש ב-Vault Events בגרסאות נתמכות, לצורך עדכון מהיר של Kubernetes Secrets.",צמצום משך הזמן שבו סודות שנמצאים ב-Kubernetes אינם מסונכרנים עם השינויים שבוצעו ב-Vault.,"10 - Kubernetes, agents ו-automation",Vault Secrets Operator,https://developer.hashicorp.com/vault/docs/deploy/kubernetes/vso/sources/vault/instant-updates
Integrated Storage,ה-storage backend המובנה של Vault שמבוסס על Raft consensus protocol.,מספק durable storage ו-HA coordination ללא external storage system.,"08 - Storage, HA, replication ו-disaster recovery",Vault,https://developer.hashicorp.com/vault/docs/concepts/integrated-storage
Intermediate CA,CA שה-certificate שלו חתום על-ידי root או CA גבוה יותר ומבצע routine certificate issuance.,מצמצם חשיפה של root CA ותומך ב-delegation.,07 - PKI ו-certificate lifecycle,כללי / Vault PKI,https://developer.hashicorp.com/vault/docs/secrets/pki
Internal group,Vault group שה-membership שלו מנוהלת ישירות בתוך Vault.,מספק group management native של Vault.,03 - Authentication וזהות,Vault,https://developer.hashicorp.com/vault/docs/concepts/identity
Issuer,Vault PKI object שמייצג CA certificate/key מסוים שמשמש ל-signing.,תומך בכמה issuers וב-controlled CA rotation בתוך PKI mount.,07 - PKI ו-certificate lifecycle,Vault PKI,https://developer.hashicorp.com/vault/docs/secrets/pki
Issuer rotation,החלפה או מעבר של active CA issuer תוך שמירה על trust continuity.,מאפשר CA key/certificate renewal בלי לשבור clients.,07 - PKI ו-certificate lifecycle,Vault PKI,https://developer.hashicorp.com/vault/docs/secrets/pki
JWT auth,Auth method שמאמת signed JSON Web Tokens מול keys או identity providers שהוגדרו.,תומך ב-workload authentication וב-federated authentication באמצעות portable tokens.,03 - Authentication וזהות,Vault,https://developer.hashicorp.com/vault/docs/auth
Key Management secrets engine,Enterprise capability לניהול keys שנמצאים ב-external key management platforms או cloud KMS integrations.,מרכז lifecycle control של keys שנשארים במערכות KMS חיצוניות.,06 - Secrets engines והגנת מידע,Vault Enterprise,https://developer.hashicorp.com/vault/docs/license
Key Management System (KMS),שירות שמנהל cryptographic keys ואת הפעולות עליהם.,יכול להגן על חומר ה-seal key של Vault או לשמש למקרי שימוש רחבים יותר של key management.,01 - יסודות secrets ואבטחה,כללי,https://developer.hashicorp.com/vault/docs/concepts/seal
Key share,חלק אחד שנוצר על-ידי Shamir Secret Sharing.,מאפשר לכמה custodians לשחזר יחד את חומר המפתח הנדרש.,02 - ארכיטקטורת Vault וקריפטוגרפיה,Vault,https://developer.hashicorp.com/vault/docs/concepts/seal
Key threshold,המספר המינימלי של Shamir shares שנדרש לשחזור key מוגן.,מיישם quorum control.,02 - ארכיטקטורת Vault וקריפטוגרפיה,Vault,https://developer.hashicorp.com/vault/docs/concepts/seal
Key type,"Cryptographic algorithm/family שמשמש PKI key, כגון RSA או EC בהתאם ל-feature support.",קובע compatibility ו-security properties.,07 - PKI ו-certificate lifecycle,כללי / Vault PKI,https://developer.hashicorp.com/vault/docs/secrets/pki
Key version,מספר ה-version של Transit key לאחר rotation.,"מאפשר key rotation תוך שמירת יכולת decrypt/verify של data ישן, כאשר הדבר מותר.",06 - Secrets engines והגנת מידע,Vault,https://developer.hashicorp.com/vault/docs/secrets/transit
Keyring,המערך הפנימי של data-encryption keys שבו Vault משתמש כדי להגן על persisted data.,תומך בהצפנת נתוני Vault וב-key rotation פנימי.,02 - ארכיטקטורת Vault וקריפטוגרפיה,Vault internals,https://developer.hashicorp.com/vault/docs/concepts/seal
KMIP,Key Management Interoperability Protocol; ‏Vault Enterprise יכול לחשוף או לשלב KMIP capabilities בהתאם ל-entitlement.,תומך ב-interoperability סטנדרטי של cryptographic key management.,06 - Secrets engines והגנת מידע,Vault Enterprise / IBM add-on,https://developer.hashicorp.com/vault/docs/configuration/license-entitlement
Kubernetes auth,"Auth method שמאמת Kubernetes workload identity, בדרך כלל באמצעות ServiceAccount tokens ואימות מול Kubernetes API.",מאפשר ל-pods לבצע authentication ללא Vault tokens מוטמעים.,03 - Authentication וזהות,Vault,https://developer.hashicorp.com/vault/docs/auth
KV secrets engine,מאגר key/value עבור static secret material.,שומר application configuration secrets שלא ניתן ליצור באופן דינמי.,06 - Secrets engines והגנת מידע,Vault,https://developer.hashicorp.com/vault/docs/secrets/kv
KV v1,Key/value engine פשוט יותר ללא מודל ה-versioning של KV v2.,מספק אחסון ישיר של static secrets.,06 - Secrets engines והגנת מידע,Vault,https://developer.hashicorp.com/vault/docs/secrets/kv
KV v2,Versioned key/value secrets engine שתומך ב-secret versions וב-metadata operations.,"מספק בקרות lifecycle בטוחות יותר ל-static secrets, כולל version history ו-recoverable deletion.",06 - Secrets engines והגנת מידע,Vault,https://developer.hashicorp.com/vault/docs/secrets/kv
LDAP auth,Auth method שמאמת credentials מול LDAP/Active Directory וממפה directory groups/users ל-Vault policies.,משלב את Vault עם directory services קיימים.,03 - Authentication וזהות,Vault,https://developer.hashicorp.com/vault/docs/auth
LDAP secrets engine,Secrets engine לניהול LDAP credentials/passwords ב-workflows נתמכים.,מרכז את ה-lifecycle של directory-backed service credentials.,06 - Secrets engines והגנת מידע,Vault,https://developer.hashicorp.com/vault/docs/secrets
Leaf certificate,"End-entity certificate שמונפק ל-workload, server, user או device.",מספק identity ו-public-key binding עבור TLS/signing.,07 - PKI ו-certificate lifecycle,כללי / Vault PKI,https://developer.hashicorp.com/vault/docs/secrets/pki
Lease,Vault-managed lifetime contract שמשויך ל-dynamic secret או object מתחדש אחר.,"מאפשר ל-Vault לבצע expiry, renewal ו-revocation אוטומטיים ל-issued credentials.","05 - Tokens, leases ו-lifecycle",Vault,https://developer.hashicorp.com/vault/docs/glossary
Lease count quota,Enterprise quota שמגבילה את מספר ה-active leases ב-namespace או mount scope.,מגינה על Vault מפני lease growth מופרז ו-resource exhaustion.,"04 - Policies, authorization ו-governance",Vault Enterprise,https://developer.hashicorp.com/vault/docs/license
Lease ID,Unique identifier של lease.,מאפשר ל-clients/operators לבצע renewal או revocation ל-leased secret מסוים.,"05 - Tokens, leases ו-lifecycle",Vault,https://developer.hashicorp.com/vault/docs/concepts/tokens
Least privilege,מתן מינימום ההרשאות הנדרש לביצוע משימה.,מצמצם blast radius במקרה של identity שנפרצה או טעות תפעולית.,01 - יסודות secrets ואבטחה,כללי,https://developer.hashicorp.com/vault/docs/concepts/policies
License entitlement,Commercial rights/features שמופעלים באמצעות Vault license ו-IBM entitlement configuration.,קובעים אילו Enterprise features ניתן להשתמש.,11 - Enterprise features ו-platform operations,IBM Vault Self-Managed,https://developer.hashicorp.com/vault/docs/configuration/license-entitlement
list capability,Capability שמאפשרת listing של keys או child paths בלי בהכרח לקרוא את הערכים.,תומכת ב-discovery/navigation.,"04 - Policies, authorization ו-governance",Vault,https://developer.hashicorp.com/vault/docs/concepts/policies
Listener,"Vault server configuration שמגדירה כיצד Vault מקבל network connections, בדרך כלל באמצעות TCP/TLS.",חושפת את Vault API/UI ל-clients ול-nodes אחרים.,02 - ארכיטקטורת Vault וקריפטוגרפיה,Vault,https://developer.hashicorp.com/vault/docs/concepts/production-hardening
Local mount,Mount שמוגדר להישאר local ל-cluster ולא להיות replicated ל-performance secondaries.,תומך ב-secrets או auth configuration ספציפיים ל-region/site.,"08 - Storage, HA, replication ו-disaster recovery",Vault Enterprise,https://developer.hashicorp.com/vault/docs/enterprise/replication
LTS (Long-Term Support),"מדיניות תמיכה נפוצה ב-IBM, אך ב-HashiCorp Vault כל הגרסאות זוכות לתקופת תמיכה זהה ומוגדרת (בדרך כלל כשנתיים של עדכוני אבטחה ותיקונים), ללא ערוץ LTS ייעודי נפרד.","הבהרה תפעולית ללקוחות IBM הרגילים למודל LTS של מוצרי תוכנה אחרים של IBM, כדי שלא יצפו לערוץ גרסה ארוך טווח ייחודי ל-Vault.",11 - Enterprise features ו-platform operations,IBM Vault Self-Managed,https://www.ibm.com/support/pages/ibm-hashicorp-self-managed-product-support-lifecycle-addendum
Machine identity,"זהות של application, service, workload, device, job או agent, בניגוד לזהות של אדם.",מאפשרת ל-Vault להחיל בקרות מבוססות זהות על גישה שאינה אנושית.,01 - יסודות secrets ואבטחה,כללי / מיצוב IBM,https://www.ibm.com/products/hashicorp
Max TTL,Upper lifetime limit שמעבר אליו token או secret לא יכולים להתחדש.,מגביל את אורך החיים הכולל של credential.,"05 - Tokens, leases ו-lifecycle",Vault,https://developer.hashicorp.com/vault/docs/concepts/tokens
Merkle tree,Data structure שבו Vault Enterprise replication משתמשת למעקב ולהשוואה של replicated cluster state.,תומכת ב-replication integrity/synchronization יעילים.,"08 - Storage, HA, replication ו-disaster recovery",Vault Enterprise internals,https://developer.hashicorp.com/vault/docs/enterprise/replication
MFA (Multi-Factor Authentication),גורם authentication נוסף שנדרש עבור גישה או פעולות מסוימות ב-Vault.,מעלה את רמת ה-assurance עבור פעולות privileged או רגישות.,03 - Authentication וזהות,Vault Enterprise,https://developer.hashicorp.com/vault/docs/enterprise/mfa
Mount,מופע מופעל של auth method או secrets engine ב-path מסוים.,יוצר endpoint פונקציונלי שמנותב בתוך Vault.,02 - ארכיטקטורת Vault וקריפטוגרפיה,Vault,https://developer.hashicorp.com/vault/docs/glossary
Mount accessor,"מזהה ייחודי של auth method/secrets engine מותקן, המשמש identity aliases ו-references פנימיים.",מאפשר linkage יציב ל-mount בלי להסתמך רק על ה-path הקריא.,02 - ארכיטקטורת Vault וקריפטוגרפיה,Vault,https://developer.hashicorp.com/vault/docs/concepts/policies
Mount path / mount point,ה-path prefix שבו auth method או secrets engine מופעלים.,קובע routing ומשמש references ב-policies וב-clients.,02 - ארכיטקטורת Vault וקריפטוגרפיה,Vault,https://developer.hashicorp.com/vault/docs/glossary
mTLS (mutual TLS),TLS שבו גם ה-client וגם ה-server מציגים ומאמתים certificates.,מספק תקשורת מוצפנת יחד עם machine authentication הדדי.,01 - יסודות secrets ואבטחה,כללי,https://developer.hashicorp.com/vault/docs/secrets/pki
Namespace,Enterprise logical isolation boundary שמתנהג כמו סביבת Vault נפרדת בתוך cluster.,מאפשר secure multi-tenancy ו-delegated administration.,"04 - Policies, authorization ו-governance",Vault Enterprise,https://developer.hashicorp.com/vault/docs/enterprise/namespaces
Namespace path,Hierarchical path שמזהה את ה-namespace שאליו request מכוון.,"מגדיר scope ל-identities, policies, mounts ו-secrets עבור ה-tenant הנכון.","04 - Policies, authorization ו-governance",Vault Enterprise,https://developer.hashicorp.com/vault/docs/enterprise/namespaces
Node,מופע יחיד של Vault server שמשתתף ב-cluster.,מספק API service ומשתתף בפעולות HA/storage.,02 - ארכיטקטורת Vault וקריפטוגרפיה,Vault,https://developer.hashicorp.com/vault/docs/internals/high-availability
OCSP,Online Certificate Status Protocol לבדיקת certificate revocation status.,מספק online revocation status ל-relying parties.,07 - PKI ו-certificate lifecycle,כללי / PKI,https://developer.hashicorp.com/vault/docs/secrets/pki
OIDC auth,Authentication אינטראקטיבי/federated באמצעות OpenID Connect.,נפוץ לגישת משתמשים דרך enterprise identity providers.,03 - Authentication וזהות,Vault,https://developer.hashicorp.com/vault/docs/auth
OIDC identity provider,יכולת שבה Vault עצמו פועל כ-OpenID Connect provider עבור applications.,מאפשר ל-applications לצרוך identity information ו-tokens שמגובה ב-Vault.,03 - Authentication וזהות,Vault,https://developer.hashicorp.com/vault/docs/secrets/identity
Orphan token,Token ללא parent token relationship.,שורד revocation של ה-token שיצר אותו.,"05 - Tokens, leases ו-lifecycle",Vault,https://developer.hashicorp.com/vault/docs/concepts/tokens
Parent token,Token שיצר token אחר וכך יוצר token hierarchy אלא אם ה-child הוא orphan.,מאפשר cascading revocation.,"05 - Tokens, leases ו-lifecycle",Vault,https://developer.hashicorp.com/vault/docs/concepts/tokens
Password policy,Vault rules שמגדירים complexity ו-generation requirements עבור generated passwords.,מייצרים credential quality אחידה.,"04 - Policies, authorization ו-governance",Vault,https://developer.hashicorp.com/vault/docs/concepts/policies
patch capability,Capability שמאפשרת partial updates נתמכים ל-path.,מאפשרת לשנות רק fields נבחרים.,"04 - Policies, authorization ו-governance",Vault,https://developer.hashicorp.com/vault/docs/concepts/policies
Path,Vault API route שמייצג resource או operation.,ה-authorization וה-routing ב-Vault מבוססים על paths.,02 - ארכיטקטורת Vault וקריפטוגרפיה,Vault,https://developer.hashicorp.com/vault/docs/concepts/policies
Performance primary,Primary cluster שממנו performance replication state משוכפל.,משמש source של replicated enterprise state.,"08 - Storage, HA, replication ו-disaster recovery",Vault Enterprise,https://developer.hashicorp.com/vault/docs/enterprise/replication
Performance Replication,Vault Enterprise replication mode שמעתיק state רלוונטי ל-secondary clusters כדי שישרתו workloads קרוב יותר ל-clients ויאפשרו geographic scale.,"משפר performance, availability ו-geographic distribution תוך שיתוף configuration/state.","08 - Storage, HA, replication ו-disaster recovery",Vault Enterprise,https://developer.hashicorp.com/vault/docs/enterprise/replication
Performance secondary,Cluster שמקבל state מ-performance primary ומשרת local requests לפי semantics של performance replication.,מספק Vault service אזורי עם latency נמוך יותר ו-scale.,"08 - Storage, HA, replication ו-disaster recovery",Vault Enterprise,https://developer.hashicorp.com/vault/docs/enterprise/replication
Performance standby,סוג node ב-Vault Enterprise שיכול לענות על requests רבים של read-only ולהעביר writes או requests רגישי-consistency ל-active node.,משפר read scalability ומפחית עומס מה-active node.,02 - ארכיטקטורת Vault וקריפטוגרפיה,Vault Enterprise,https://developer.hashicorp.com/vault/docs/enterprise/replication
Periodic token,Service token שה-TTL שלו מתאפס ל-period מוגדר בכל renewal מוצלח.,תומך ב-long-running workloads ובמקביל גורם ל-token לפוג מהר אם ה-workload מפסיק לחדש.,"05 - Tokens, leases ו-lifecycle",Vault,https://developer.hashicorp.com/vault/docs/concepts/tokens
PKI External CA,שיטת עבודה ב-Vault PKI שבה ה-engine מייצר Certificate Signing Request (CSR) שנחתם על-ידי CA חיצוני (כגון Enterprise PKI) כדי להקים Intermediate CA בתוך Vault.,שילוב ה-PKI של Vault בתוך היררכיית האמון הארגונית הקיימת במקום להסתמך על self-signed root בלעדי.,07 - PKI ו-certificate lifecycle,Vault Enterprise 2.x,https://developer.hashicorp.com/vault/docs/secrets/pki-external-ca
PKI role,"Vault PKI configuration שמגדירה אילו certificate subjects, domains, TTLs, key types ו-usages ניתן להנפיק.",אוכפת certificate issuance policy.,07 - PKI ו-certificate lifecycle,Vault PKI,https://developer.hashicorp.com/vault/docs/secrets/pki
PKI secrets engine,Engine שפועל כ-Certificate Authority או intermediate CA להנפקה ולניהול של X.509 certificates.,מאוטם machine certificate issuance וה-lifecycle שלו.,06 - Secrets engines והגנת מידע,Vault,https://developer.hashicorp.com/vault/docs/secrets/pki
Plugin,רכיב Vault ניתן להרחבה; auth methods ו-secrets engines הם סוגים של plugins.,מאפשר integrations בלי לשנות את Vault core.,06 - Secrets engines והגנת מידע,Vault,https://developer.hashicorp.com/vault/docs/glossary
Plugin catalog,Registry של Vault עבור approved external plugin binaries וה-metadata שלהם.,שולט אילו external plugins Vault רשאי להריץ.,06 - Secrets engines והגנת מידע,Vault,https://developer.hashicorp.com/vault/docs/internals/limits
Plugin process,OS process שמשמש external Vault plugin ובדרך כלל מתקשר עם Vault באמצעות RPC.,מריץ extension logic מחוץ ל-Vault core process.,11 - Enterprise features ו-platform operations,Vault operations,https://developer.hashicorp.com/vault/docs/internals/limits
Policy attachment,"שיוך של policy אחת או יותר ל-token, entity, group או auth role.",קובע את effective permissions.,"04 - Policies, authorization ו-governance",Vault,https://developer.hashicorp.com/vault/docs/concepts/policies
Policy glob (*),Wildcard pattern שמשמש ל-prefix matching ב-policy paths.,מאפשר ל-policy rules לכסות כמה descendant paths.,"04 - Policies, authorization ו-governance",Vault,https://developer.hashicorp.com/vault/docs/concepts/policies
Policy wildcard (+),Wildcard שמייצג בדיוק path segment אחד ב-policy matching.,מאפשר pattern matching מבוקר ברמת hierarchy אחת.,"04 - Policies, authorization ו-governance",Vault,https://developer.hashicorp.com/vault/docs/concepts/policies
Private key,Secret cryptographic key שתואם ל-public key/certificate.,מאפשר signing או decryption/proof of possession.,07 - PKI ו-certificate lifecycle,כללי,https://developer.hashicorp.com/vault/docs/secrets/pki
Product Client,"מטריקת רישוי של IBM המקבילה למודל ה-Active Clients של HashiCorp, המודדת את כמות הקליינטים (אנשים או מכונות) הייחודיים הניגשים ל-Vault.",קביעת העלות המסחרית בהתאם להיקף השימוש בפועל ב-Vault.,12 - מונחים ייחודיים ל-IBM Vault,IBM commercial,https://www.ibm.com/products/hashicorp/pricing
Production hardening,"מערך deployment controls לאבטחת Vault hosts, network, TLS, OS permissions, audit, root access ותהליכים תפעוליים.",מצמצם attack surface סביב security service בעל ערך גבוה.,11 - Enterprise features ו-platform operations,Vault operations,https://developer.hashicorp.com/vault/docs/concepts/production-hardening
Promotion,Operation שממירה replication secondary ל-primary role.,משחזרת service לאחר planned migration או disaster.,"08 - Storage, HA, replication ו-disaster recovery",Vault Enterprise,https://developer.hashicorp.com/vault/docs/enterprise/replication
Public Key Infrastructure (PKI),"מערכות, policies, ‏Certificate Authorities, certificates ומנגנוני revocation שמקימים trust מבוסס public key.",מאפשר identities מבוססות certificate ותקשורת מוצפנת.,01 - יסודות secrets ואבטחה,כללי,https://developer.hashicorp.com/vault/docs/secrets/pki
Quorum,רוב של voting Raft peers שנדרש ל-consensus ולהתקדמות בטוחה.,מונע split-brain writes ושומר consistency.,"08 - Storage, HA, replication ו-disaster recovery",Vault,https://developer.hashicorp.com/vault/docs/configuration/storage/raft
Raft,Consensus algorithm שבו Vault Integrated Storage משתמש לשכפול state בין cluster nodes.,שומר distributed log עקבי ובוחר leader.,"08 - Storage, HA, replication ו-disaster recovery",Vault,https://developer.hashicorp.com/vault/docs/configuration/storage/raft
Raft follower,Integrated Storage peer שמשכפל log entries מה-leader ויכול להפוך ל-leader לאחר election.,מספק redundancy ומשתתף ב-quorum.,"08 - Storage, HA, replication ו-disaster recovery",Vault,https://developer.hashicorp.com/vault/docs/configuration/storage/raft
Raft leader,Integrated Storage node שנבחר לתאם writes ל-Raft log; ב-Vault HA עם Raft הוא תואם ל-active leadership.,מסדר את replicated state changes.,"08 - Storage, HA, replication ו-disaster recovery",Vault,https://developer.hashicorp.com/vault/docs/internals/high-availability
Raft peer,Node שמשתתף ב-Vault Integrated Storage Raft cluster.,שומר replicated state ויכול להצביע בהתאם ל-role/configuration.,"08 - Storage, HA, replication ו-disaster recovery",Vault,https://developer.hashicorp.com/vault/docs/configuration/storage/raft
Raft snapshot,Point-in-time backup של Integrated Storage state.,מספק cluster backup ומקור ל-disaster-recovery restore.,"08 - Storage, HA, replication ו-disaster recovery",Vault,https://developer.hashicorp.com/vault/docs/concepts/integrated-storage
Rate limit quota,Quota שמגבילה request rate עבור scope.,מגינה על availability של Vault ואוכפת fair use.,"04 - Policies, authorization ו-governance",Vault Enterprise,https://developer.hashicorp.com/vault/docs/enterprise/namespaces
read capability,Capability שמאפשרת קריאת מידע מ-Vault path.,מספקת retrieval של secret/configuration.,"04 - Policies, authorization ו-governance",Vault,https://developer.hashicorp.com/vault/docs/concepts/policies
Recovery key,Key מפוצל ב-Shamir שמוחזר בעת שימוש ב-auto-unseal; משמש לפעולות שמצריכות quorum אך לא לפענוח ה-root key.,שומר multi-person authorization לפעולות operator רגישות בסביבות auto-unseal.,02 - ארכיטקטורת Vault וקריפטוגרפיה,Vault,https://developer.hashicorp.com/vault/docs/concepts/seal
Redundancy zone,Enterprise/managed deployment concept לפיזור Vault capacity על פני failure domains.,משפר resilience לאובדן infrastructure zone.,"08 - Storage, HA, replication ו-disaster recovery",Vault Enterprise / managed,https://developer.hashicorp.com/vault/docs
Rekey,"תהליך operator של Vault לשינוי מספר Shamir shares, ה-threshold או ה-key custodians.",מאפשר שינוי key custody בלי לבנות מחדש את Vault cluster.,02 - ארכיטקטורת Vault וקריפטוגרפיה,Vault,https://developer.hashicorp.com/vault/docs/concepts/seal
Renewal,Operation שמאריכה renewable token או lease בתוך limits שהוגדרו.,מאפשרת ל-workloads תקינים להמשיך לפעול בלי ליצור credentials חדשים ללא צורך.,"05 - Tokens, leases ו-lifecycle",Vault,https://developer.hashicorp.com/vault/docs/concepts/tokens
Replication lag,השהיה בין changes ב-primary לבין הזמינות שלהם ב-secondary.,מציינת replication freshness ובעיות אפשריות של read-after-write.,"08 - Storage, HA, replication ו-disaster recovery",Vault Enterprise,https://developer.hashicorp.com/vault/docs/enterprise/replication
Request forwarding,התנהגות HA שבה standby/performance node מעביר פעולה ל-active node כשנדרש.,מאפשרת ל-clients להשתמש בכל node בריא בלי לדעת מי ה-active leader.,02 - ארכיטקטורת Vault וקריפטוגרפיה,Vault,https://developer.hashicorp.com/vault/docs/internals/high-availability
Required parameters,Policy constraint שמחייב request parameters מסוימים.,מכריח callers לספק מידע שנדרש על-ידי governance.,"04 - Policies, authorization ו-governance",Vault,https://developer.hashicorp.com/vault/docs/concepts/policies
Response wrapping,מנגנון Vault שמחזיר short-lived single-use wrapping token במקום ה-sensitive response עצמו.,מגן על מסירת bootstrap secrets כגון AppRole SecretIDs ומאפשר לזהות interception.,"05 - Tokens, leases ו-lifecycle",Vault,https://developer.hashicorp.com/vault/docs
retry_join,Integrated Storage configuration שמאפשרת ל-node לגלות ולהצטרף אוטומטית ל-known leader candidates.,מפשטת cluster formation ו-node replacement.,"08 - Storage, HA, replication ו-disaster recovery",Vault,https://developer.hashicorp.com/vault/docs/configuration/storage/raft
Revocation,"Operation שמבטלת token/lease, וב-dynamic secrets מבקשת ממערכת היעד להסיר את ה-credential.",מספקת cleanup מרכזי ו-incident containment.,"05 - Tokens, leases ו-lifecycle",Vault,https://developer.hashicorp.com/vault/docs/concepts/tokens
Revoke prefix,Administrative operation שמבטלת leases תחת path prefix.,מספקת bulk cleanup עבור secrets engine/path.,"05 - Tokens, leases ו-lifecycle",Vault,https://developer.hashicorp.com/vault/docs/concepts/tokens
Rewrap,פעולת Transit שמפענחת ciphertext פנימית ומצפינה אותו מחדש עם key version חדש בלי להחזיר plaintext.,משדרגת ciphertext ל-key versions חדשים תוך צמצום plaintext exposure.,06 - Secrets engines והגנת מידע,Vault,https://developer.hashicorp.com/vault/docs/secrets/transit
RGP (Role Governing Policy),סוג Sentinel policy שמוצמד ל-identities/tokens בדומה ל-ACL policies.,מוסיף contextual governance ל-roles או identities נבחרים.,"04 - Policies, authorization ו-governance",Vault Enterprise,https://developer.hashicorp.com/vault/docs/enterprise/sentinel
Role-based access control (RBAC),מודל גישה שבו permissions משויכות ל-roles/groups במקום למשתמשים בודדים.,מאפשר authorization בקנה מידה גדול ובצורה קלה יותר לניהול ול-governance.,01 - יסודות secrets ואבטחה,כללי,https://developer.hashicorp.com/vault/docs/concepts/identity
RoleID,מזהה AppRole המקביל לחלק ה-username בצמד authentication.,מזהה באיזה AppRole נעשה שימוש.,03 - Authentication וזהות,Vault / AppRole,https://developer.hashicorp.com/vault/docs/auth/approle/approle-pattern
Root CA,Certificate Authority העליון שהוא trust anchor בהיררכיית PKI.,מקים את ultimate trust root.,07 - PKI ו-certificate lifecycle,כללי / Vault PKI,https://developer.hashicorp.com/vault/docs/secrets/pki
Root credential rotation,פעולה של database secrets engine שמבצעת rotation ל-privileged credential שבו Vault משתמש לניהול database users.,מצמצמת את החשיפה של control credential.,06 - Secrets engines והגנת מידע,Vault,https://developer.hashicorp.com/vault/docs/secrets/databases
Root key,ה-key הפנימי שמגן על Vault keyring; הוא עצמו מוגן על-ידי מנגנון ה-seal המוגדר.,משמש key ברמה גבוהה בהיררכיית המפתחות הפנימית של Vault.,02 - ארכיטקטורת Vault וקריפטוגרפיה,Vault internals,https://developer.hashicorp.com/vault/docs/concepts/seal
Root namespace,ה-top-level Vault Enterprise namespace שמכיל ושולט ב-namespace hierarchy.,משמש administrative root של Vault cluster.,"04 - Policies, authorization ו-governance",Vault Enterprise,https://developer.hashicorp.com/vault/docs/enterprise/namespaces
Root policy,Policy מובנית ובלתי ניתנת לשינוי שמעניקה גישה בלתי מוגבלת ל-Vault.,מגדירה authorization ברמת root.,02 - ארכיטקטורת Vault וקריפטוגרפיה,Vault,https://developer.hashicorp.com/vault/docs/concepts/policies
Root token,Vault token שנושא את ה-root policy המובנה ולכן מחזיק בהרשאות בלתי מוגבלות.,משמש ל-bootstrap או ל-emergency administrative access.,02 - ארכיטקטורת Vault וקריפטוגרפיה,Vault,https://developer.hashicorp.com/vault/docs/concepts/tokens
RPO (Recovery Point Objective),"מקסימום acceptable data loss, נמדד בזמן, לאחר disaster.",מכתיב backup/replication design.,"08 - Storage, HA, replication ו-disaster recovery",כללי / DR,https://developer.hashicorp.com/vault/docs/enterprise/replication
RTO (Recovery Time Objective),מקסימום acceptable time לשחזור Vault service לאחר disaster.,מכתיב architecture ו-recovery automation.,"08 - Storage, HA, replication ו-disaster recovery",כללי / DR,https://developer.hashicorp.com/vault/docs/enterprise/replication
SAML auth,Enterprise authentication באמצעות SAML assertions מ-identity provider.,מספק enterprise SSO לגישת משתמשים כאשר SAML הוא הסטנדרט הארגוני.,03 - Authentication וזהות,Vault Enterprise / IBM integration,https://www.ibm.com/products/hashicorp
SAN (Subject Alternative Name),"X.509 extension שמכיל DNS names, IP addresses, URIs, emails או identities אחרים.",נושא את ה-identities שעבורם certificate תקף.,07 - PKI ו-certificate lifecycle,כללי / Vault PKI,https://developer.hashicorp.com/vault/docs/secrets/pki
SCIM provisioning,Enterprise capability ל-provisioning של Vault identity entities/groups ממערכות identity חיצוניות באמצעות SCIM.,מאוטמת synchronization של identity lifecycle.,03 - Authentication וזהות,Vault Enterprise / Beta depending version,https://developer.hashicorp.com/vault/docs/secrets/identity
Seal,המנגנון שמגן על הגישה ל-root key של Vault ולכן גם ל-keyring המוצפן.,שולט אם Vault מסוגל לפענח ולספק את המידע המוגן שלו.,02 - ארכיטקטורת Vault וקריפטוגרפיה,Vault,https://developer.hashicorp.com/vault/docs/concepts/seal
Seal wrapping,הגנת Enterprise שעוטפת ערכים מסוימים שנשמרים בשכבת הצפנה נוספת באמצעות מנגנון ה-seal.,מוסיפה defense in depth למידע רגיש במיוחד.,02 - ארכיטקטורת Vault וקריפטוגרפיה,Vault Enterprise,https://developer.hashicorp.com/vault/docs/license
Sealed state,מצב שבו Vault יכול להגיע ל-storage אך אינו מסוגל לפענח protected data.,"מהווה security boundary למצבי חירום, ומופיע בהפעלה ראשונית כאשר משתמשים ב-manual unseal.",02 - ארכיטקטורת Vault וקריפטוגרפיה,Vault,https://developer.hashicorp.com/vault/docs/concepts/seal
Secret,"מידע סודי או חומר קריפטוגרפי כגון password, API key, token, private key של certificate או credential שנוצר דינמית.",מייצג מידע רגיש שחייב להיות מוגן ומנוהל תחת בקרות הדוקות.,01 - יסודות secrets ואבטחה,כללי,https://developer.hashicorp.com/vault/docs/glossary
Secret injection,"מסירת secret material ל-workload כ-file, environment variable, API response או platform Secret.",מחברת בין Vault לבין האופן שבו application צורכת secrets.,"10 - Kubernetes, agents ו-automation",כללי / Vault integration,https://developer.hashicorp.com/vault/docs/agent-and-proxy/agent
Secret sprawl,"עותקים לא מבוקרים של secrets בקוד, קובצי configuration, מערכות CI/CD, צ'אטים, מחשבים אישיים וסביבות runtime.",בעיה מרכזית ש-Vault נועד לצמצם באמצעות ריכוז ותיווך של גישה ל-secrets.,01 - יסודות secrets ואבטחה,כללי,https://developer.hashicorp.com/vault/docs/about-vault/what-is-vault
Secret version,Version היסטורי מסוים של secret ב-KV v2.,מאפשר updates מבוקרים ושחזור משינויים מקריים.,06 - Secrets engines והגנת מידע,Vault / KV v2,https://developer.hashicorp.com/vault/docs/secrets/kv
Secret Zero,ה-credential או חומר האמון הראשוני ש-workload היה צריך כדי להשיג secrets נוספים.,מתאר את בעיית ה-bootstrap בעולם ניהול ה-secrets.,01 - יסודות secrets ואבטחה,מושג כללי,https://developer.hashicorp.com/vault/docs/auth
SecretID,Credential של AppRole המקביל לחלק ה-password בצמד authentication.,מוכיח possession לצורך AppRole login.,03 - Authentication וזהות,Vault / AppRole,https://developer.hashicorp.com/vault/docs/auth/approle/approle-pattern
SecretID accessor,"Reference שאינו secret ל-SecretID, המאפשר lifecycle operations בלי לחשוף את ערך ה-SecretID.",מאפשר tracking או revocation של SecretIDs.,03 - Authentication וזהות,Vault / AppRole,https://developer.hashicorp.com/vault/docs/auth/approle/approle-pattern
Secrets as code reference,"שמירת references, paths, roles ו-policies ב-versioned configuration כאשר ערכי ה-secret נשארים ב-Vault.",מאפשרת automation ללא הכנסת secret material ל-source control.,"10 - Kubernetes, agents ו-automation",כללי / DevSecOps,https://developer.hashicorp.com/vault/docs/concepts/policies
Secrets engine,"Plugin שניתן לבצע לו mount ושומר, יוצר, מצפין, משנה או מנהל בדרך אחרת מידע רגיש.",מממש את ה-backend הפונקציונלי עבור מקרי שימוש של secrets.,06 - Secrets engines והגנת מידע,Vault,https://developer.hashicorp.com/vault/docs/secrets
Secrets Import,Enterprise capability להכנסת secret material מצד שלישי ל-workflows שמנוהלים ב-Vault.,מסייעת בקונסולידציה של secrets וב-migration מ-external secret stores.,06 - Secrets engines והגנת מידע,Vault Enterprise,https://developer.hashicorp.com/vault/docs
Secrets management,"התהליכים והבקרות ליצירה, אחסון, הפצה, rotation, revocation ו-audit של secrets.",מגן על credentials לאורך כל מחזור החיים שלהם.,01 - יסודות secrets ואבטחה,כללי,https://developer.hashicorp.com/vault/docs/about-vault/what-is-vault
Secrets Sync,"תכונה הקיימת הן בגרסת ה-Community והן בגרסת ה-Enterprise של Vault (החל מגרסה 1.16), המאפשרת לסנכרן סודות המנוהלים ב-Vault אל יעדים חיצוניים שונים (כמו AWS Secrets Manager, Azure Key Vault, Google Secret Manager ו-GitHub).",ריכוז ניהול הסודות ב-Vault כ-Single Source of Truth תוך הפצתם אוטומטית לפלטפורמות קצה שונות הדורשות אותם מקומית.,06 - Secrets engines והגנת מידע,Vault Enterprise,https://developer.hashicorp.com/vault/docs
Secure multi-tenancy (SMT),מודל isolation שמשתמש ב-namespaces ובבקרות נלוות לאירוח כמה organizational tenants על Vault.,מצמצם צורך ב-clusters נפרדים תוך שמירה על administrative boundaries.,"04 - Policies, authorization ו-governance",Vault Enterprise,https://developer.hashicorp.com/vault/docs/enterprise/namespaces
Sentinel,Policy-as-code framework שמשולב ב-Vault Enterprise ומאפשר governance עשיר יותר מ-ACLs בלבד.,"מיישם conditional, contextual ו-organization-wide policy enforcement.","04 - Policies, authorization ו-governance",Vault Enterprise,https://developer.hashicorp.com/vault/docs/enterprise/sentinel
Server log,"Operational logs של תהליך Vault, נפרדים מ-audit trail.","מציגים startup, seal, storage, replication, plugin ו-runtime errors/events.","09 - Audit, monitoring ו-observability",Vault,https://developer.hashicorp.com/vault/docs/concepts/production-hardening
Service token,"Stateful Vault token שנשמר ב-token store ותומך ב-renewal, child tokens, accessors, cubbyhole ו-revocation.",מתאים ל-interactive ול-service sessions רגילים שצריכים lifecycle management.,"05 - Tokens, leases ו-lifecycle",Vault,https://developer.hashicorp.com/vault/docs/concepts/tokens
ServiceAccount,Kubernetes workload identity object שבדרך כלל מקושר ל-Vault Kubernetes auth roles.,מספק platform-native identity evidence עבור pods.,"10 - Kubernetes, agents ו-automation",Kubernetes / Vault,https://developer.hashicorp.com/vault/docs/auth
Shamir Secret Sharing,Threshold cryptography שמפצלת את ה-unseal key לכמה shares כך ש-share יחיד אינו מספיק.,מספקת distributed control על פעולות recovery רגישות.,02 - ארכיטקטורת Vault וקריפטוגרפיה,Vault,https://developer.hashicorp.com/vault/docs/concepts/seal
Sidecar pattern,Deployment pattern שבו Vault Agent רץ לצד application container/pod.,מספק local authentication ו-secret rendering ללא שינוי application code.,"10 - Kubernetes, agents ו-automation",Kubernetes / Vault Agent,https://developer.hashicorp.com/vault/docs/agent-and-proxy/agent
SIEM,Security Information and Event Management platform שצורכת Vault audit logs ו-operational logs.,מבצעת correlation בין Vault events לבין security telemetry רחב יותר.,"09 - Audit, monitoring ו-observability",כללי / integration,https://developer.hashicorp.com/vault/docs/audit
Snapshot restore,תהליך שחזור Vault Integrated Storage מתוך Raft snapshot.,משחזר state לאחר data loss או disaster.,"08 - Storage, HA, replication ו-disaster recovery",Vault,https://developer.hashicorp.com/vault/docs/concepts/integrated-storage
Socket audit device,Audit device שכותב audit events ל-socket endpoint.,תומך ב-streaming של audit data ל-process/service אחר.,"09 - Audit, monitoring ו-observability",Vault,https://developer.hashicorp.com/vault/docs/audit
Soft delete,פעולת KV v2 שמסמנת secret version כמחוק אך שומרת את ה-data הבסיסי לצורך recovery.,מאפשרת restoration לאחר deletion מקרי.,06 - Secrets engines והגנת מידע,Vault / KV v2,https://developer.hashicorp.com/vault/docs/secrets/kv
SPIFFE,Framework סטנדרטי ל-workload identity באמצעות SPIFFE IDs ו-SVIDs; ‏Vault 2.x כולל capabilities Enterprise הקשורות ל-SPIFFE.,מספק portable cryptographic workload identity בין פלטפורמות.,03 - Authentication וזהות,Vault Enterprise / Workload identity,https://developer.hashicorp.com/vault/docs/license
SSH secrets engine,"Engine שתומך ב-SSH access patterns כגון signed SSH certificates או one-time credentials, בהתאם להגדרה.",מצמצם הפצה של long-lived SSH keys/passwords.,06 - Secrets engines והגנת מידע,Vault,https://developer.hashicorp.com/vault/docs/secrets
Standby node,Vault node ב-HA שמוכן להפוך ל-active אם ה-leadership משתנה.,מספק capacity ל-failover.,02 - ארכיטקטורת Vault וקריפטוגרפיה,Vault,https://developer.hashicorp.com/vault/docs/internals/high-availability
Static database role,"Mapping שמנוהל על-ידי Vault ל-database username קבוע קיים, כאשר Vault מבצע rotation ל-password שלו.",תומך במערכות שאינן מסוגלות לעבוד עם usernames דינמיים.,06 - Secrets engines והגנת מידע,Vault,https://developer.hashicorp.com/vault/docs/secrets/databases
Static secret,Secret שהערך שלו נשאר קבוע עד שמחליפים או מסובבים אותו במפורש.,משמש כאשר מערכת היעד אינה מסוגלת להנפיק credentials באופן דינמי.,01 - יסודות secrets ואבטחה,כללי,https://developer.hashicorp.com/vault/docs/glossary
Storage backend,שכבת ה-persistence העמידה שבה Vault שומר את ה-state המוצפן.,שומרת את נתוני Vault אך אינה אמורה לקבל plaintext secrets.,02 - ארכיטקטורת Vault וקריפטוגרפיה,Vault,https://developer.hashicorp.com/vault/docs/glossary
Storage migration,Supported procedure להעברת Vault data מ-storage backend אחד לאחר.,מאפשר שינוי ארכיטקטורה כגון מעבר מ-Consul ל-Integrated Storage.,"08 - Storage, HA, replication ו-disaster recovery",Vault,https://developer.hashicorp.com/vault/docs/concepts/integrated-storage
sudo capability,Capability מיוחדת שנדרשת עבור root-protected endpoints מסוימים בנוסף ל-path permissions הרגילות.,מגינה על sensitive administrative operations.,"04 - Policies, authorization ו-governance",Vault,https://developer.hashicorp.com/vault/docs/concepts/policies
Support lifecycle,התאריכים והכללים שקובעים כמה זמן Vault version מקבלת IBM support/fixes.,קובעים upgrade urgency ו-operational risk.,11 - Enterprise features ו-platform operations,IBM Vault Self-Managed,https://www.ibm.com/support/pages/ibm-hashicorp-self-managed-product-support-lifecycle-addendum
sys/ path,אזור API שמור עבור system configuration ו-administrative operations של Vault.,"מספק control-plane operations כגון mounts, health, policies, audit ו-replication.",02 - ארכיטקטורת Vault וקריפטוגרפיה,Vault,https://developer.hashicorp.com/vault/docs/concepts/policies
Syslog audit device,Audit device ששולח Vault audit events דרך syslog.,משתלב עם centralized logging infrastructure.,"09 - Audit, monitoring ו-observability",Vault,https://developer.hashicorp.com/vault/docs/audit
Telemetry,"Vault metrics שנפלטים עבור performance, health, leases, identity, Raft, replication ו-subsystems נוספים.","תומכים ב-capacity planning, ‏SLOs, alerting ו-troubleshooting.","09 - Audit, monitoring ו-observability",Vault,https://developer.hashicorp.com/vault/docs/internals/telemetry
Template rendering,יכולת של Vault Agent שמרנדרת secrets לקבצים/configuration באמצעות templates.,משלבת Vault עם applications שמצפות ל-file-based config.,"10 - Kubernetes, agents ו-automation",Vault Agent,https://developer.hashicorp.com/vault/docs/agent-and-proxy/agent
Templated policy,Vault policy path שמכיל identity template expressions כגון entity ID או metadata.,מאפשר authorization לפי identity/group path בלי ליצור policy נפרדת לכל user.,03 - Authentication וזהות,Vault,https://developer.hashicorp.com/vault/docs/concepts/policies
Terraform Vault provider,"Terraform provider לניהול Vault configuration כגון policies, auth methods, identity objects ו-secret engines.",מאוטם Vault configuration as code.,"10 - Kubernetes, agents ו-automation",Vault / Terraform,https://developer.hashicorp.com/vault/docs/secrets/identity
TLS certificate auth,Auth method שמאמת clients באמצעות trusted X.509 client certificates.,תומך ב-machine או user authentication מבוסס certificate.,03 - Authentication וזהות,Vault,https://developer.hashicorp.com/vault/docs/auth
Token accessor,"Reference שאינו secret ומשויך ל-service token, ומאפשר lookup, renewal או revocation בלי לחשוף את ערך ה-token.",תומך ב-operational token management וב-incident response.,"05 - Tokens, leases ו-lifecycle",Vault,https://developer.hashicorp.com/vault/docs/concepts/tokens
Token auth method,מנגנון authentication מובנה שבו Vault token קיים מוצג ישירות.,זהו מנגנון authentication פנימי בסיסי וכל authenticated Vault request נשען עליו.,03 - Authentication וזהות,Vault,https://developer.hashicorp.com/vault/docs/concepts/tokens
Token lookup,"Operation שמחזירה metadata על token, בכפוף ל-permissions.",תומכת ב-troubleshooting וב-lifecycle inspection.,"05 - Tokens, leases ו-lifecycle",Vault,https://developer.hashicorp.com/vault/docs/concepts/tokens
Token renewal,הארכת ה-TTL של renewable service token.,שומרת sessions עבור workloads בריאים.,"05 - Tokens, leases ו-lifecycle",Vault,https://developer.hashicorp.com/vault/docs/concepts/tokens
Token revocation,ביטול מפורש של service token ובדרך כלל גם של ה-children/leases התלויים בו.,מסיים access במהירות.,"05 - Tokens, leases ו-lifecycle",Vault,https://developer.hashicorp.com/vault/docs/concepts/tokens
Token role,Configuration template ששולט ב-properties של tokens שנוצרים דרך token store.,"מאחדת token policies, ‏TTLs, periods ו-constraints נוספים.","05 - Tokens, leases ו-lifecycle",Vault,https://developer.hashicorp.com/vault/docs/concepts/tokens
Token sink,Destination של Vault Agent שאליו token שהתקבל נכתב או מועבר.,מעביר authentication material ל-application או downstream process.,"10 - Kubernetes, agents ו-automation",Vault Agent,https://developer.hashicorp.com/vault/docs/agent-and-proxy/agent
TOTP MFA,שיטת MFA מבוססת time-based one-time password הנתמכת ב-Vault Enterprise.,מוסיפה second factor שמשתנה בזמן.,03 - Authentication וזהות,Vault Enterprise,https://developer.hashicorp.com/vault/docs/enterprise/mfa
TOTP secrets engine,Engine ליצירה ולאימות של time-based one-time-password keys/codes.,תומך ב-applications שצריכות TOTP lifecycle management.,06 - Secrets engines והגנת מידע,Vault,https://developer.hashicorp.com/vault/docs/secrets
Transform secrets engine,"Enterprise engine לשינוי ערכים רגישים, כולל מקרי שימוש של format-preserving protection ו-tokenization.",מגן על sensitive data תוך שמירה על formats שה-application דורש.,06 - Secrets engines והגנת מידע,Vault Enterprise,https://developer.hashicorp.com/vault/docs/license
Transit key,Named cryptographic key שמנוהל על-ידי Transit engine.,מגדיר את ה-key ואת ה-algorithm עבור cryptographic operations.,06 - Secrets engines והגנת מידע,Vault,https://developer.hashicorp.com/vault/docs/secrets/transit
Transit key rotation,יצירת version חדש של Transit key תוך שמירת key history.,מצמצמת long-term exposure ותומכת ב-cryptographic agility.,06 - Secrets engines והגנת מידע,Vault,https://developer.hashicorp.com/vault/docs/secrets/transit
Transit secrets engine,"Cryptographic service שמבצע encryption, decryption, signing, verification, hashing, HMAC ופעולות קשורות בלי לשמור application plaintext.",מספק encryption/signing as a service תוך ריכוז key management.,06 - Secrets engines והגנת מידע,Vault,https://developer.hashicorp.com/vault/docs/secrets/transit
TTL (Time To Live),"משך החיים שנותר ל-token, lease, secret, certificate או object אחר שהונפק.",מגביל exposure ומכריח reauthentication/renewal תקופתי.,"05 - Tokens, leases ו-lifecycle",Vault,https://developer.hashicorp.com/vault/docs/concepts/tokens
Unseal,התהליך שבו משחזרים גישה ל-root key כדי ש-Vault יוכל לפענח את ה-keyring ואת המידע.,מעביר את Vault מ-sealed למצב operational.,02 - ארכיטקטורת Vault וקריפטוגרפיה,Vault,https://developer.hashicorp.com/vault/docs/concepts/seal
Unseal key,ה-key שמשמש ב-Shamir sealing לפענוח ה-root key; בדרך כלל הוא מופץ כ-shares.,מאשר unsealing ופעולות מסוימות שרגישות ל-quorum.,02 - ארכיטקטורת Vault וקריפטוגרפיה,Vault,https://developer.hashicorp.com/vault/docs/concepts/seal
Unsealed state,מצב שבו Vault שחזר בהצלחה גישה ל-root key/keyring ויכול לטפל ב-requests רגילים.,זהו מצב ההפעלה התקין.,02 - ארכיטקטורת Vault וקריפטוגרפיה,Vault,https://developer.hashicorp.com/vault/docs/concepts/seal
update capability,Capability שמאפשרת פעולות write/change על path.,מספקת mutation או invocation של operation.,"04 - Policies, authorization ו-governance",Vault,https://developer.hashicorp.com/vault/docs/concepts/policies
Upgrade,תהליך מעבר של Vault nodes ל-release נתמך חדש יותר.,"מחיל security fixes, capabilities חדשות ושינויי compatibility.",11 - Enterprise features ו-platform operations,Vault operations,https://developer.hashicorp.com/vault/docs
Userpass auth,Authentication מקומי של Vault באמצעות username/password.,"מספק authentication native ופשוט, שימושי בעיקר בתרחישים מוגבלים או bootstrap.",03 - Authentication וזהות,Vault,https://developer.hashicorp.com/vault/docs/auth
Vault,"מערכת מרכזית מבוססת זהות לניהול secrets, יצירת credentials, הצפנה ובקרת גישה.",מספקת control plane מרכזי להגנה על credentials של מכונות ויישומים ועל פעולות קריפטוגרפיות רגישות.,01 - יסודות secrets ואבטחה,כללי / IBM Vault,https://developer.hashicorp.com/vault/docs/about-vault/what-is-vault
Vault Agent,"Client-side helper שיכול לבצע authentication ל-Vault, לנהל tokens, לבצע template rendering ולסייע ל-applications בלי להטמיע Vault logic.",מפשט application integration ואת token lifecycle.,"10 - Kubernetes, agents ו-automation",Vault,https://developer.hashicorp.com/vault/docs/agent-and-proxy/agent
Vault client,"כל human, workload, automation, ‏CLI, ‏SDK או service ששולח requests ל-Vault.","צורך שירותי authentication, secrets או cryptography של Vault.",02 - ארכיטקטורת Vault וקריפטוגרפיה,Vault,https://developer.hashicorp.com/vault/docs/internals/recommended-patterns
Vault Community Edition,Community edition של Vault עם core secrets-management functionality אך ללא enterprise-only entitlements.,"תומכת בלמידה, development וב-use cases שלא דורשים enterprise features.",11 - Enterprise features ו-platform operations,Vault / IBM current naming,https://developer.hashicorp.com/vault/docs
Vault Enterprise,"Commercial Vault edition שמספקת enterprise features כגון namespaces, replication, Sentinel, MFA, control groups ו-capabilities מורשות נוספות.","תומכת ב-large-scale, regulated ו-multi-tenant enterprise deployments.",11 - Enterprise features ו-platform operations,Vault Enterprise / IBM,https://developer.hashicorp.com/vault/docs/license
Vault Proxy,"Client-side proxy capability של Vault שיכולה לטפל ב-authentication, caching ו-proxy behaviors עבור applications.",מפחיתה integration complexity ויכולה לשפר availability/performance עבור clients.,"10 - Kubernetes, agents ו-automation",Vault,https://developer.hashicorp.com/vault/docs/agent-and-proxy/proxy
Vault Secrets Operator (VSO),Kubernetes operator שמשלב Vault secrets ב-Kubernetes workflows וב-custom resources.,מאוטם secret delivery ו-rotation ל-Kubernetes applications.,"10 - Kubernetes, agents ו-automation",Vault / Kubernetes,https://developer.hashicorp.com/vault/docs/deploy/kubernetes/vso/sources/vault
Vault server,"תהליך Vault שרץ באופן קבוע, חושף את ה-API ומתאם auth methods, ‏secrets engines, policies, storage, leases ו-audit.",נקודת הביצוע המרכזית לפעולות Vault.,02 - ארכיטקטורת Vault וקריפטוגרפיה,Vault,https://developer.hashicorp.com/vault/docs/glossary
VaultAuth,VSO custom resource/configuration שמתארת כיצד workload מבצע authentication ל-Vault.,מאחדת Kubernetes-to-Vault authentication settings.,"10 - Kubernetes, agents ו-automation",Vault Secrets Operator,https://developer.hashicorp.com/vault/docs/deploy/kubernetes/vso/sources/vault
VaultConnection,VSO configuration שמייצגת connectivity ל-Vault server/namespace.,מפרידה connection details ממשאבי secret בודדים.,"10 - Kubernetes, agents ו-automation",Vault Secrets Operator,https://developer.hashicorp.com/vault/docs/deploy/kubernetes/vso/sources/vault
VaultDynamicSecret,VSO resource pattern לקבלת leased dynamic credentials מ-Vault.,מכניסה את dynamic-secret lifecycle אל Kubernetes workloads.,"10 - Kubernetes, agents ו-automation",Vault Secrets Operator,https://developer.hashicorp.com/vault/docs/deploy/kubernetes/vso/sources/vault
VaultStaticSecret,VSO resource pattern לסנכרון static Vault secret אל Kubernetes.,מאוטם retrieval/refresh של KV-like secrets.,"10 - Kubernetes, agents ו-automation",Vault Secrets Operator,https://developer.hashicorp.com/vault/docs/deploy/kubernetes/vso/sources/vault
Workload identity,זהות ניתנת לאימות שמוקצית לתוכנה שרצה בסביבת runtime.,מייתרת את הצורך לאתחל workloads באמצעות static Vault tokens.,01 - יסודות secrets ואבטחה,כללי,https://developer.hashicorp.com/vault/docs/auth
Wrapping token,Short-lived token שניתן להשתמש בו פעם אחת כדי לקבל wrapped response.,מאבטח secret handoff בין systems או operators.,"05 - Tokens, leases ו-lifecycle",Vault,https://developer.hashicorp.com/vault/docs
Zero Trust,גישת אבטחה שמאמתת באופן מתמשך identity ו-authorization במקום להסתמך רק על מיקום ברשת.,מתאימה למודל הגישה identity-centric של Vault.,01 - יסודות secrets ואבטחה,כללי,https://developer.hashicorp.com/vault/docs/about-vault/what-is-vault
מונח,הסבר,מטרה / משמעות,קטגוריה,תחום,מקור (URL)
